player_id,Name,primaryPosition
8467412,Alexei Ponikarovsky,LW
8468501,Anton Volchenkov,D
8459670,Kimmo Timonen,D
8471233,Travis Zajac,C
8455710,Martin Brodeur,G
8475640,Erik Gustafsson,D
8476177,Matt Read,RW
8464977,Dainius Zubrus,C
8474190,Wayne Simmonds,RW
8464975,Daniel Briere,C
8468534,Andreas Lilja,D
8475603,Ben Holmstrom,C
8472410,Stephen Gionta,RW
8474037,James van Riemsdyk,LW
8473542,Tom Sestito,LW
8476457,Adam Larsson,D
8474631,Marc-Andre Bourdon,D
8472382,Andy Greene,D
8474641,Adam Henrique,C
8474161,Jakub Voracek,RW
8475972,Tyler Brown,LW
8476461,Sean Couturier,C
8460720,Eric Boulton,LW
8469454,Ilya Kovalchuk,LW
8475170,Brayden Schenn,C
8468524,Ilya Bryzgalov,G
8470609,Steve Bernier,RW
8465210,Pavel Kubina,D
8471816,Mark Fayne,D
8468486,Scott Hartnell,LW
8470123,Cam Janssen,RW
8470640,Matt Carle,D
8473512,Claude Giroux,C
8475775,Tye McGinn,LW
8470920,David Clarkson,RW
8470601,Braydon Coburn,D
8475342,Oliver Lauridsen,D
8470171,Max Talbot,C
8474892,Eric Wellwood,LW
8476158,Harry Zolnierczyk,LW
8475185,Jacob Josefson,C
8472394,Peter Harrold,D
8462535,Jody Shelley,LW
8448208,Jaromir Jagr,RW
8469623,Marek Zidlicky,D
8468038,Michael Leighton,G
8474736,Zac Rinaldo,C
8473646,Ryan Carter,LW
8471269,Nicklas Grossmann,D
8471467,Matthew Ford,RW
8470610,Zach Parise,LW
8475430,Brandon Manning,D
8460626,Bryce Salvador,D
8460465,Petr Sykora,RW
8460542,Patrik Elias,C
8471636,Tim Sestito,LW
8476209,Mike Sislo,RW
8471712,Jeff Frazee,G
8471236,Andrej Meszaros,D
8473580,Matthew Corrente,D
8471365,Steven Zalewski,C
8473944,Matt Anderson,RW
8475248,Alexander Urbom,D
8473592,Vladimir Zharkov,RW
8467436,Jay Leach,D
8476234,Keith Kinkaid,G
8475060,Matt Taormina,D
8473927,Brad Mills,C
8474614,Brandon Burlon,D
8474219,Dan Kelly,D
8475199,Eric Gelinas,D
8474023,Mike Hoeffel,LW
8474582,Mattias Tedenby,RW
8467452,Rob Scuderi,D
8471718,Marc-Andre Cliche,C
8470662,Colin Fraser,C
8476404,Andy Andreoff,C
8474594,Slava Voynov,D
8475160,Kyle Clifford,LW
8471208,Dustin Penner,RW
8474518,Davis Drewiske,D
8473908,Kevin Westgarth,RW
8465185,Willie Mitchell,D
8471685,Anze Kopitar,C
8473664,Justin Azevedo,C
8475726,Tyler Toffoli,RW
8474638,Andrew Campbell,D
8470755,Brad Richardson,C
8475325,Jordan Nolan,C
8474563,Drew Doughty,D
8474162,Jake Muzzin,D
8475096,Patrick Mullen,D
8474166,Alec Martinez,D
8474681,Andrei Loktionov,C
8468526,Jarret Stoll,C
8470604,Jeff Carter,C
8470606,Dustin Brown,RW
8474889,Martin Jones,G
8470121,Matt Greene,D
8466182,Henrik Tallinder,D
8471733,Rich Clune,LW
8471734,Jonathan Quick,G
8475223,Linden Vey,RW
8467346,Simon Gagne,LW
8470617,Mike Richards,C
8473453,Trevor Lewis,C
8474100,Dwight King,LW
8474066,Thomas Hickey,D
8468508,Justin Williams,RW
8473419,Brad Marchand,LW
8470905,Randy Jones,D
8474749,Matt Bartkowski,D
8471717,Adam McQuaid,D
8471916,Mike Angelidis,LW
8471276,David Krejci,C
8470187,Johnny Boychuk,D
8471514,Rich Peverley,C
8471314,Mike Lundin,D
8475167,Victor Hedman,D
8470230,Daniel Paille,LW
8467925,Adam Hall,RW
8469765,Marc-Andre Bergeron,D
8467329,Vincent Lecavalier,C
8467967,Chris Kelly,C
8470638,Patrice Bergeron,C
8468575,Dominic Moore,C
8450725,Mark Recchi,RW
8470596,Nathan Horton,RW
8471767,Blair Jones,C
8470634,Matt Smaby,D
8474682,Dustin Tokarski,G
8460806,Dwayne Roloson,G
8474564,Steven Stamkos,C
8474002,Colby Cohen,D
8473473,Milan Lucic,LW
8474000,Steven Kampfer,D
8465978,Shawn Thornton,LW
8471418,Anton Khudobin,G
8469619,Dennis Seidenberg,D
8465056,Trent Whitfield,C
8466142,Eric Brewer,D
8470804,Mathieu Roy,D
8470169,Gregory Campbell,C
8474095,Dana Tyrell,C
8465009,Zdeno Chara,D
8467988,Ryan Malone,LW
8470615,Marc-Antoine Pouliot,C
8467545,Michael Ryder,RW
8465200,Tomas Kaberle,D
8466333,Andrew Ference,D
8471703,Steve Downie,RW
8466378,Martin St. Louis,RW
8465122,Brett Clark,D
8474657,Jamie Arniel,C
8473962,Teddy Purcell,LW
8470176,Sean Bergenheim,LW
8471668,Mattias Ritola,C
8470775,Nate Thompson,C
8475794,Tyler Seguin,C
8460703,Tim Thomas,G
8460503,Mattias Ohlund,D
8475150,Jordan Caron,RW
8460661,Shane Hnidy,D
8469608,Mike Smith,G
8471958,Dan Girardi,D
8471873,Anton Stralman,D
8473932,Darroll Powe,C
8475118,Matt Gilroy,D
8470192,Steve Eminger,D
8475243,Ryan Bourque,C
8474230,Micheal Haley,C
8474151,Ryan McDonagh,D
8458938,Roman Hamrlik,D
8462033,Wade Redden,D
8465025,Arron Asham,RW
8467881,Taylor Pyatt,LW
8473544,Derick Brassard,C
8471686,Marc Staal,D
8470232,Kris Newbury,C
8474678,Jason Missiaen,G
8475692,Mats Zuccarello,RW
8476462,Dougie Hamilton,D
8470041,Rick Nash,LW
8469534,Aaron Johnson,D
8471339,Ryan Callahan,RW
8468685,Henrik Lundqvist,G
8459454,Jay Pandolfo,LW
8473432,Derek Dorsett,RW
8471695,Tuukka Rask,G
8476468,J.T. Miller,C
8474772,Stu Bickel,D
8474850,Brandon Mashinter,LW
8475184,Chris Kreider,LW
8475186,John Moore,D
8476792,Torey Krug,D
8473484,Kaspars Daugavins,LW
8474176,Carl Hagelin,LW
8475660,Cam Talbot,G
8471262,Carl Soderberg,C
8469622,Ryane Clowe,LW
8467389,Brad Richards,C
8470619,Brian Boyle,C
8474613,Derek Stepan,C
8475749,Christian Thomas,LW
8474584,Michael Del Zotto,D
8475795,Dylan McIlrath,D
8469755,Brandon Segal,RW
8476844,Niklas Svedberg,G
8465951,Matt Cooke,LW
8469638,Jussi Jokinen,LW
8468542,Paul Martin,D
8462042,Jarome Iginla,RW
8471311,Tyler Kennedy,C
8471675,Sidney Crosby,C
8466160,Brenden Morrow,LW
8470543,Chris Kunitz,LW
8476211,Carter Camper,C
8475761,Beau Bennett,RW
8471724,Kris Letang,D
8468498,Brooks Orpik,D
8466393,Pascal Dupuis,RW
8471246,Chris Bourque,LW
8471856,Joe Vitale,C
8471215,Evgeni Malkin,C
8460712,Tomas Vokoun,G
8474091,Brandon Sutter,C
8471702,Matt Niskanen,D
8468114,Douglas Murray,D
8465166,Craig Adams,RW
8468674,Deryk Engelland,D
8471707,James Neal,LW
8474138,Dustin Jeffrey,LW
8467580,Mark Eaton,D
8470854,Tanner Glass,LW
8475155,Simon Despres,D
8474145,Robert Bortuzzo,D
8470594,Marc-Andre Fleury,G
8473553,Jeff Zatkoff,G
8471716,Justin Abdelkader,LW
8471956,Andrew Desjardins,LW
8467331,Brad Stuart,D
8470861,Sean Sullivan,D
8467096,Dan Boyle,D
8474027,Justin Braun,D
8471794,Darren Helm,C
8470622,Patrick Eaves,RW
8459514,Jamal Mayers,RW
8474667,Harri Sateri,G
8474550,Antti Niemi,G
8474032,Nick Petrecki,D
8475202,Taylor Doherty,D
8470273,Ian White,D
8471682,Devin Setoguchi,RW
8467928,Doug Janik,D
8446485,Kris Draper,C
8470318,Jonathan Ericsson,D
8468577,Niclas Wallin,D
8475607,Cameron MacIntyre,RW
8470794,Joe Pavelski,C
8473465,Jamie McGinn,LW
8470280,Ben Eager,LW
8471693,Jakub Kindl,D
8464962,Ruslan Salei,D
8467514,Pavel Datsyuk,C
8466149,Daniel Cleary,RW
8467478,Kent Huskins,D
8470201,Jiri Hudler,RW
8470047,Valtteri Filppula,C
8468482,Dany Heatley,LW
8468083,Henrik Zetterberg,LW
8471338,Torrey Mitchell,C
8473558,Cory Emmerton,C
8474053,Logan Couture,C
8469581,Kyle Wellwood,C
8473562,John McCarthy,C
8474090,Brendan Smith,D
8466139,Patrick Marleau,C
8471309,Johan Franzen,RW
8466138,Joe Thornton,C
8470778,Drew Miller,LW
8470657,Jimmy Howard,G
8471306,Thomas Greiss,G
8457063,Nicklas Lidstrom,D
8471709,Marc-Edouard Vlasic,D
8474739,Tommy Wingels,C
8459687,Scott Nichol,C
8473600,Benn Ferriero,RW
8475625,Matt Irwin,D
8459444,Todd Bertuzzi,RW
8475346,Marek Viedensky,C
8475622,Carter Hutton,G
8473569,Jan Mursak,LW
8474218,Jason Demers,D
8470061,Derek Meech,D
8460743,Tomas Holmstrom,LW
8468509,Niklas Kronwall,D
8475193,Tomas Tatar,LW
8467856,Brian Rafalski,D
8449645,Mike Modano,C
8467876,Henrik Sedin,C
8471859,Sergei Kostitsyn,LW
8467875,Daniel Sedin,LW
8467330,David Legwand,C
8468485,Raffi Torres,LW
8474569,Colin Wilson,C
8471498,Jannik Hansen,RW
8466141,Roberto Luongo,G
8468064,Martin Erat,RW
8467370,Mike Fisher,C
8468162,Jerred Smithson,C
8470600,Ryan Suter,D
8471811,Cal O'Reilly,C
8470642,Shea Weber,D
8470620,Jeff Tambellini,LW
8474096,Nick Spaling,C
8460719,Steve Sullivan,LW
8470054,Keith Ballard,D
8470274,Chris Higgins,LW
8474570,Cody Hodgson,C
8469465,Dan Hamhuis,D
8464957,J-P Dumont,RW
8474094,Matt Halischuk,RW
8469547,Jordin Tootoo,RW
8473608,Blake Geoffrion,C
8469626,Andrew Alberts,D
8465202,Sami Salo,D
8470616,Ryan Kesler,C
8470839,Shane O'Brien,D
8467463,Mikael Samuelsson,RW
8470310,Aaron Rome,D
8470630,Kevin Klein,D
8471664,Mason Raymond,LW
8471268,Victor Oreskovich,RW
8471887,Patric Hornqvist,RW
8471469,Pekka Rinne,G
8470358,Alexandre Burrows,LW
8471742,Cody Franson,D
8471303,Alexander Edler,D
8470654,Maxim Lapierre,C
8474164,Jonathon Blum,D
8469598,Kevin Bieksa,D
8469555,Christian Ehrhoff,D
8468208,Joel Ward,RW
8471741,Teemu Laakso,D
8474580,Chet Pickard,G
8474535,Chris Mueller,C
8474629,Shawn Lalonde,D
8474625,Jimmy Hayes,RW
8470666,Daniel Carcillo,LW
8476403,Klas Dahlbeck,D
8473537,Viktor Stalberg,LW
8477225,Jared Coreau,G
8475323,Marcus Kruger,C
8471769,Niklas Hjalmarsson,D
8474679,Gustav Nyquist,RW
8471245,Dave Bolland,C
8475204,Brandon Pirri,C
8475650,Brandon Bollig,LW
8470281,Duncan Keith,D
8474168,Joakim Andersson,C
8476381,Andrew Shaw,RW
8468927,Steve Montador,D
8466148,Marian Hossa,RW
8470724,Kyle Quincey,D
8465058,Michal Rozsival,D
8474727,Ben Smith,RW
8470607,Brent Seabrook,D
8471254,Bryan Bickell,LW
8475214,Jeremy Morin,LW
8470645,Corey Crawford,G
8476431,Adam Clendening,D
8475181,Nick Leddy,D
8469544,Patrick Sharp,LW
8469665,Johnny Oduya,D
8473564,Michael Frolik,RW
8473604,Jonathan Toews,C
8476438,Brandon Saad,LW
8477059,Damien Brunner,RW
8474141,Patrick Kane,RW
8475431,Henrik Karlsson,G
8469470,Carlo Colaiacovo,D
8475114,Jordan Pearce,G
8475598,Ryan Stanton,D
8475153,Dylan Olsen,D
8469992,Sheldon Brookbank,D
8462129,Michal Handzus,C
8471719,Matt Kassian,LW
8467496,Andrei Markov,D
8467493,Chris Neil,RW
8475797,Jarred Tinordi,D
8471679,Carey Price,G
8476851,Alex Galchenyuk,C
8474157,Max Pacioretty,LW
8475164,Jakob Silfverberg,RW
8471283,Brandon Prust,LW
8469521,Tomas Plekanec,C
8467407,Brian Gionta,RW
8473468,Eric Gryba,D
8473588,Erik Condra,RW
8476419,Jean-Gabriel Pageau,C
8473466,Ryan White,C
8475848,Brendan Gallagher,RW
8476459,Mika Zibanejad,C
8470599,Milan Michalek,LW
8475254,Gabriel Dumont,C
8471296,Alexei Emelin,D
8475174,Jared Cowen,D
8467831,Jeff Halpern,C
8467950,Craig Anderson,G
8475739,Michael Bournival,LW
8470760,Marc Methot,D
8471299,Peter Regin,C
8474605,Patrick Wiercioch,D
8474884,Mike Hoffman,LW
8471976,David Desharnais,C
8474688,Greg Pateryn,D
8470324,Josh Gorges,D
8474250,Zack Smith,LW
8474134,Yannick Weber,D
8474056,P.K. Subban,D
8464956,Chris Phillips,D
8476195,Cory Conacher,C
8476470,Nathan Beaulieu,D
8475183,Louis Leblanc,C
8468635,Travis Moen,LW
8471504,Rene Bourque,RW
8471229,Petteri Nokelainen,C
8471663,Mike Blunden,RW
8471862,Colin Greening,C
8458951,Sergei Gonchar,D
8474775,Robert Mayer,G
8474578,Erik Karlsson,D
8470378,Andre Benoit,D
8476244,Raphael Diaz,D
8471670,Guillaume Latendresse,LW
8474068,Kyle Turris,C
8474024,Jim O'Brien,C
8474189,Lars Eller,C
8469474,Colby Armstrong,RW
8460621,Daniel Alfredsson,RW
8465914,Francis Bouillon,D
8475913,Mark Stone,RW
8476205,Stephane Da Costa,C
8474683,Derek Grant,C
8476386,Shane Prince,LW
8475661,Dave Dziurzynski,LW
8476477,Matt Puempel,LW
8476474,Stefan Noesen,RW
8476879,Cody Ceci,D
8474855,Nathan Lawson,G
8474697,Mark Borowiecki,D
8469514,Peter Budaj,G
8467336,Mike Rupp,LW
8470104,Tom Gilbert,D
8470153,Pierre-Marc Bouchard,C
8474716,Jared Spurgeon,D
8473504,Cal Clutterbuck,RW
8475722,Jason Zucker,LW
8473992,Justin Falk,D
8476463,Jonas Brodin,D
8469459,Mikko Koivu,C
8470803,Kyle Brodziak,C
8470886,Clayton Stoner,D
8475613,Nate Prosser,D
8469820,Zenon Konopka,C
8469548,Ray Emery,G
8469506,Jason Pominville,RW
8474618,Marco Scandella,D
8470216,Josh Harding,G
8475745,Charlie Coyle,C
8464989,Matt Cullen,C
8473404,Niklas Backstrom,G
8475798,Mikael Granlund,RW
8469542,Stephane Veilleux,LW
8471352,Jake Dowell,C
8475757,Brett Bulmer,RW
8470074,Jeff Deslauriers,G
8474077,Carson McMillan,RW
8471885,Chad Rau,C
8476856,Matt Dumba,D
8475311,Darcy Kuemper,G
8476481,Zack Phillips,C
8476235,Justin Fontaine,RW
8473445,Kyle Medvec,D
8473618,Mathieu Perreault,C
8469639,Brooks Laich,C
8459429,Jason Arnott,C
8474590,John Carlson,D
8471242,Mike Green,D
8471240,Jeff Schultz,D
8464979,Marco Sturm,LW
8468611,Matt Hendricks,LW
8466158,Scott Hannan,D
8467365,John Erskine,D
8470159,Boyd Gordon,C
8473991,Karl Alzner,D
8470120,Alexander Semin,RW
8469770,Dennis Wideman,D
8468846,Tyler Sloan,D
8465059,Matt Bradley,RW
8473913,Sean Collins,D
8473911,Steven Pinizzotto,RW
8471214,Alex Ovechkin,LW
8474651,Braden Holtby,G
8473563,Nicklas Backstrom,C
8471780,Patrick McNeill,D
8470294,DJ King,LW
8474291,Jay Beagle,C
8473607,Michal Neuvirth,G
8458590,Mike Knuble,RW
8466251,Jason Chimera,LW
8470611,Eric Fehr,C
8475149,Marcus Johansson,LW
8473936,Kirk MacDonald,LW
8475683,Sergei Bobrovsky,G
8474551,Ville Leino,LW
8475283,Lane MacDermid,LW
8467408,Matt Walker,D
8475080,Johan Backlund,G
8474636,Michael Hutchinson,G
8467361,Blair Betts,C
8459424,Chris Pronger,D
8470597,Nikolay Zherdev,RW
8470996,Danny Syvret,D
8474163,Kevin Marshall,D
8473550,Andrew Bodnarchuk,D
8474045,Zach Hamill,C
8466145,Nick Boynton,D
8473556,Yury Alexandrov,D
8475614,Mike Testwuide,RW
8458637,Sean O'Donnell,D
8467905,Michael Ryan,C
8462052,Brian Boucher,G
8471346,Kris Versteeg,RW
8473568,Andreas Nodl,RW
8476406,Nick Shore,C
8467890,Barret Jackman,D
8473534,Patrik Berglund,C
8471710,Taylor Chorney,D
8474031,Kevin Shattenkirk,D
8474596,Jake Allen,G
8469480,Jeff Woywitka,D
8470151,Jay Bouwmeester,D
8469685,Andrew Murray,C
8471729,Kris Russell,D
8475768,Jaden Schwartz,LW
8470871,Chris Porter,LW
8475765,Vladimir Tarasenko,RW
8474634,Evgeny Grachev,C
8471490,Adam Cracknell,RW
8467917,Jordan Leopold,D
8471817,Ryan Reaves,RW
8470880,Brian Elliott,G
8474565,Alex Pietrangelo,D
8471698,T.J. Oshie,RW
8473485,Chris Stewart,RW
8474013,Ian Cole,D
8468434,Andy McDonald,LW
8467344,Robyn Regehr,D
8475825,Jani Hakanpaa,D
8470655,David Backes,RW
8476436,Dmitrij Jaskin,RW
8470257,Alexander Steen,LW
8471743,Vladimir Sobotka,C
8471392,Roman Polak,D
8474184,Keaton Ellerby,D
8474102,David Perron,LW
8475234,J-F Berube,G
8474626,Robert Czarnik,C
8476772,Brian O'Neill,RW
8475295,Brandon Kozun,RW
8475738,Jordan Weal,C
8476871,Tanner Pearson,LW
8475235,Nicolas Deslauriers,LW
8471476,Daniel Winnik,LW
8470860,Jaroslav Halak,G
8468213,Jim Vandermeer,D
8474001,TJ Galiardi,LW
8470647,B.J. Crombeen,RW
8459457,Jamie Langenbrunner,RW
8471851,Matt D'Agostini,RW
8468515,Brad Winchester,LW
8465005,Colin White,D
8470613,Brent Burns,D
8467899,Martin Havlat,RW
8471842,Tim Kennedy,LW
8471774,Alex Stalock,G
8474531,Mike Moore,D
8471677,Jack Johnson,D
8460496,Ryan Smyth,LW
8474114,Oscar Moller,RW
8467511,Antero Niittymaki,G
8471386,Scott Parse,LW
8468700,Paul Gaustad,C
8472368,Chris Conner,RW
8459628,Hal Gill,D
8474519,Jack Hillen,D
8475772,Riley Sheahan,C
8471450,Brandon Yip,RW
8475176,Ryan Ellis,D
8469732,Joey MacDonald,G
8470603,Andrei Kostitsyn,LW
8474600,Roman Josi,D
8475268,Gabriel Bourque,LW
8475225,Craig Smith,RW
8471228,Alexander Radulov,RW
8467977,Brian McGrattan,RW
8474552,Fabian Brunnstrom,LW
8474591,Tom McCollum,G
8475802,Louis-Marc Aubry,C
8474873,Brian Lashoff,D
8474874,Travis Ehrhardt,D
8468090,Garnet Exelby,D
8474815,Francis Pare,C
8467332,Bryan Allen,D
8462041,Radek Dvorak,RW
8475758,Devante Smith-Pelly,RW
8473972,Jonas Hiller,G
8473933,Ben Lovejoy,D
8471676,Bobby Ryan,RW
8470621,Corey Perry,RW
8472370,Jordan Hendry,D
8475883,Frederik Andersen,G
8475162,Mat Clark,D
8469483,David Steckel,C
8474034,Patrick Maroon,LW
8467400,Francois Beauchemin,D
8470317,Nate Guenin,D
8468695,Matthew Lombardi,C
8471521,Brad Staubitz,RW
8475764,Cam Fowler,D
8476854,Hampus Lindholm,D
8476384,Max Friberg,RW
8475770,Emerson Etem,RW
8460561,Sheldon Souray,D
8474009,Nick Bonino,C
8471699,Andrew Cogliano,LW
8475222,Sami Vatanen,D
8476434,John Gibson,G
8475180,Peter Holland,C
8459442,Saku Koivu,C
8465042,Toni Lydman,D
8457981,Teemu Selanne,RW
8470612,Ryan Getzlaf,C
8474579,Luca Sbisa,D
8473492,Matt Beleskey,LW
8477215,Danny DeKeyser,D
8475151,Kyle Palmieri,RW
8476483,Rickard Rakell,C
8475251,Igor Bobkov,G
8471428,Pierre-Luc Letourneau-Leblond,RW
8466285,Brian Campbell,D
8458543,Jassen Cullimore,D
8460527,Ryan Johnson,C
8470084,Hannu Toivonen,G
8470329,Chris Campoli,D
8465170,Fernando Pisani,RW
8468518,Tomas Kopecky,RW
8468510,Jeff Taffe,LW
8471426,Troy Brouwer,RW
8473722,John Scott,LW
8475095,Alec Richards,G
8475074,Brian Connelly,D
8473970,Rob Klinkhammer,LW
8471239,Cory Schneider,G
8474628,Michael Stone,D
8475839,Louis Domingue,G
8471232,Lauri Korpikoski,LW
8476206,Andy Miele,C
8474107,Maxim Goncharov,D
8471680,Gilbert Brule,C
8462036,Daymond Langkow,C
8462038,Shane Doan,RW
8468535,Antoine Vermette,C
8470713,Paul Bissonnette,LW
8470719,Alexandre Bolduc,C
8473589,Chris Summers,D
8458537,Ray Whitney,LW
8473673,David Schlemko,D
8471691,Martin Hanzal,C
8464966,Derek Morris,D
8475171,Oliver Ekman-Larsson,D
8459053,Adrian Aucoin,D
8471735,Keith Yandle,D
8468484,Rostislav Klesla,D
8468085,Radim Vrbata,RW
8474720,Brett Hextall,C
8475216,Ethan Werek,C
8475224,Jordan Szwarz,RW
8476473,Connor Murphy,D
8474571,Mikkel Boedker,LW
8475182,David Rundblad,D
8474050,Brett MacLean,LW
8471821,Matt Watkins,RW
8471302,Justin Pogge,G
8471231,Kyle Chipchura,C
8473658,Victor Bartley,D
8471483,Kyle Wilson,C
8474092,Jeremy Smith,G
8468540,Dan Ellis,G
8467844,Jason Blake,LW
8459587,Todd Marchant,C
8468095,George Parros,RW
8474598,Nicolas Deschamps,C
8474646,Brandon McMillan,LW
8467393,Jarkko Ruutu,LW
8467304,Andy Sutton,D
8468598,Lubomir Visnovsky,D
8475105,Dan Sexton,RW
8464984,Josh Green,C
8474765,Anders Lindback,G
8459596,Andrew Brunette,LW
8471279,Sami Lepisto,D
8459461,Brendan Morrison,C
8474103,Joe Lavin,D
8474709,Matt Martin,LW
8467931,Matt Carkner,D
8468101,Radek Martinek,D
8470144,Frans Nielsen,C
8475314,Anders Lee,LW
8475754,Brock Nelson,C
8474666,David Ullstrom,LW
8475166,John Tavares,C
8473584,Andrew MacDonald,D
8476458,Ryan Strome,C
8473546,Michael Grabner,RW
8475177,Calvin de Haan,D
8464967,Marty Reasoner,C
8469779,Keith Aucoin,C
8474604,Aaron Ness,D
8470644,Colin McDonald,RW
8473514,Jesse Joensuu,LW
8474573,Josh Bailey,RW
8474690,Kevin Poulin,G
8473565,Brian Strait,D
8474659,Matt Donovan,D
8473449,Kyle Okposo,RW
8471701,Joe Finley,D
8474612,Travis Hamonic,D
8470852,Matt Moulson,LW
8476367,John Persson,LW
8476445,Johan Sundstrom,C
8475195,Anders Nilsson,G
8475231,Casey Cizikas,C
8460705,Evgeni Nabokov,G
8468309,Mark Streit,D
8468504,Brad Boyes,RW
8471234,Wojtek Wolski,LW
8467371,Mike Ribeiro,C
8475619,Aaron Volpatti,LW
8476162,Steve Oleksy,D
8475831,Philipp Grubauer,G
8475200,Dmitry Orlov,D
8477220,Nate Schmidt,D
8470156,Joey Crabb,RW
8474649,Tomas Kundratek,D
8476799,Cameron Schilling,D
8476880,Tom Wilson,RW
8475690,Christopher Tanev,D
8475663,Eddie Lack,G
8473488,Sergei Shirokov,LW
8473931,Lee Sweatt,D
8467334,Manny Malhotra,C
8474668,Dale Weise,RW
8471752,Marc-Andre Gragnani,D
8465192,Samuel Pahlsson,C
8470700,Byron Bitz,RW
8473682,Andrew Ebbett,C
8471266,David Booth,LW
8475178,Zack Kassian,RW
8477073,Kurtis MacDermid,D
8470618,Anthony Stewart,RW
8473541,Jonathan Bernier,G
8460500,Nolan Baumgartner,D
8473914,Mark Letestu,C
8473533,Jordan Staal,C
8469760,Zbynek Michalek,D
8467964,Mike Comrie,C
8468252,Eric Godard,RW
8458529,Alex Kovalev,RW
8474025,Eric Tangradi,LW
8462161,Brent Johnson,G
8470966,Mark Giordano,D
8475878,Freddie Hamilton,C
8477935,Sam Bennett,C
8473434,Chad Johnson,G
8474642,Lance Bouma,LW
8474673,TJ Brodie,D
8476312,Josh Manson,D
8477941,Nick Ritchie,LW
8474150,Mikael Backlund,C
8475163,Alex Chiasson,RW
8475780,Chris Wagner,RW
8473560,Korbinian Holzer,D
8478131,Ondrej Kase,RW
8475907,Micheal Ferland,LW
8477508,Curtis Lazar,C
8471766,Jared Boll,RW
8477447,Shea Theodore,D
8477986,Brandon Montour,D
8476400,Logan Shaw,RW
8476346,Johnny Gaudreau,LW
8479314,Matthew Tkachuk,LW
8477497,Sean Monahan,C
8470162,Matt Stajan,C
8476903,Jon Gillies,G
8471879,Kyle Cumiskey,D
8476806,J.T. Brown,RW
8471750,Ben Bishop,G
8476886,Slater Koekkoek,D
8476453,Nikita Kucherov,RW
8477300,Viktor Svedberg,D
8474870,Tyler Johnson,C
8477386,Henri Ikonen,LW
8476292,Ondrej Palat,LW
8474717,Mark Barberio,D
8475807,Joakim Nordstrom,LW
8476539,Jonathan Marchessault,C
8476975,Cedric Paquette,C
8473986,Alex Killorn,LW
8476860,Dylan Blujus,D
8477950,Tony DeAngelo,D
8477356,Kristers Gudlevskis,G
8476300,Nikita Nesterov,D
8474520,Jason Garrison,D
8476826,Yanni Gourde,C
8476864,Ville Pokka,D
8474722,Luke Witkowski,RW
8476394,Michael Paliotta,D
8476479,Phillip Danault,LW
8477205,Andrej Sustr,D
8477326,Joel Vermin,RW
8477845,Trevor van Riemsdyk,D
8477009,Jake Dotchin,D
8476911,Tanner Richard,C
8476882,Teuvo Teravainen,LW
8477451,Ryan Hartman,LW
8477494,Jonathan Drouin,LW
8477293,Antti Raanta,G
8476480,Vladislav Namestnikov,C
8476883,Andrei Vasilevskiy,G
8475715,Oscar Lindberg,C
8475832,Tom Kuhnhackl,RW
8475763,Kevin Hayes,C
8475208,Brian Dumoulin,D
8470110,Trevor Daley,D
8470595,Eric Staal,C
8476897,Oskar Sundqvist,C
8473548,Phil Kessel,RW
8476899,Matt Murray,G
8474602,Justin Schultz,D
8476869,Brady Skjei,D
8477839,Conor Sheary,LW
8475810,Bryan Rust,RW
8475855,Jesper Fast,RW
8476874,Olli Maatta,D
8475949,Marek Hrivik,LW
8476884,Derrick Pouliot,D
8476433,Magnus Hellberg,G
8477465,Tristan Jarry,G
8475161,Chris Brown,RW
8477435,Ryan Graves,D
8477126,Jayson Megna,C
8477889,Mathew Bodie,D
8476482,Nicklas Jensen,RW
8476807,Matt Tennyson,D
8474568,Luke Schenn,D
8475188,Brayden McNabb,D
8476331,Dylan DeMelo,D
8476919,Chris Tierney,C
8475820,Joonas Donskoi,RW
8477922,Melker Karlsson,C
8476442,Matt Nieto,LW
8475455,Brenden Dillon,D
8476881,Tomas Hertl,C
8473571,Jamie McBain,D
8468483,Marian Gaborik,RW
8475857,Kevin Gravel,D
8475879,Mac Carruth,G
8476373,Niklas Lundstrom,G
8469485,Derek Roy,C
8468011,Ryan Miller,G
8475175,Magnus Paajarvi,LW
8468505,Steve Ott,C
8476774,Terry Broadhurst,LW
8475966,Garret Ross,LW
8475720,Kent Simpson,G
8477195,Mathieu Brisebois,D
8467391,Jason LaBarbera,G
8476471,Mark McNeill,C
8477243,Drew LeBlanc,C
8476283,Alex Broadhurst,C
8475816,Stanislav Galiev,RW
8476906,Shayne Gostisbehere,D
8477444,Andre Burakovsky,LW
8476872,Scott Laughton,C
8475462,Radko Gudas,D
8473461,Steve Mason,G
8476393,Nick Cousins,C
8469469,R.J. Umberger,C
8468513,Nick Schultz,D
8471762,Chris VandeVelde,C
8475247,Michael Latta,C
8475744,Evgeny Kuznetsov,C
8473426,Mike Weber,D
8477930,Pierre-Edouard Bellemare,LW
8474040,Sam Gagner,C
8478563,Evgeny Medvedev,D
8477290,Michael Raffl,LW
8477462,Robert Hagg,D
8475729,Mark Alt,D
8477502,Samuel Morin,D
8476932,Anthony Stolarz,G
8478367,Cole Bardreau,C
8476955,Taylor Leier,LW
8471436,Matt Hunwick,D
8473536,James Sheppard,C
8476449,Scott Harrington,D
8471260,Blake Comeau,LW
8476293,Scott Wilson,C
8464981,Cory Sarich,D
8473499,Reto Berra,G
8473575,Semyon Varlamov,G
8475799,Nino Niederreiter,RW
8475287,Erik Haula,LW
8476455,Gabriel Landeskog,LW
8475168,Matt Duchene,C
8470750,John Mitchell,C
8471326,Patrick Bordeleau,LW
8475206,Stefan Elliott,D
8473700,Ryan Wilson,D
8474089,Brad Malone,C
8471657,Cody McLeod,LW
8474207,Nick Holden,D
8474008,Paul Carey,C
8471669,Paul Stastny,C
8469707,PA Parenteau,RW
8473446,Erik Johnson,D
8470699,Jan Hejda,D
8469591,Cody McCormick,C
8475158,Ryan O'Reilly,C
8475197,Tyson Barrie,D
8477492,Nathan MacKinnon,C
8474202,John Curry,G
8475717,Calvin Pickard,G
8476536,Colin Smith,C
8475767,Joey Hishon,C
8476464,Duncan Siemens,D
8475461,Andrew Agozzino,LW
8475824,Sami Aittokallio,G
8476798,Karl Stollery,D
8472373,Jon Landry,D
8476933,Raphael Bussieres,LW
8476344,Tyler Graovac,C
8475860,Johan Gustafsson,G
8469759,Vernon Fiddler,C
8475236,Cody Eakin,C
8476889,Radek Faksa,C
8477501,Valeri Nichushkin,RW
8470877,David Jones,RW
8470598,Thomas Vanek,LW
8475730,Stephen Johns,D
8476467,Jamie Oleksiak,D
8469455,Jason Spezza,C
8474849,Antoine Roussel,LW
8473994,Jamie Benn,LW
8474098,Colton Sceviour,C
8475147,Jordan Schroeder,C
8469466,Ales Hemsky,RW
8475906,John Klingberg,D
8474818,Jordie Benn,D
8476439,Brett Ritchie,RW
8475747,Patrik Nemeth,D
8471227,Devan Dubnyk,G
8474610,Zac Dalpe,C
8477406,Mattias Janmark,C
8477850,Christian Folin,D
8471274,Alex Goligoski,D
8470140,Kari Lehtonen,G
8478390,Grayson Downing,C
8476619,Zack Mitchell,RW
8478524,Zach Palmquist,D
8476422,Mike Reilly,D
8470729,Tyson Strachan,D
8476545,Kurtis Gabriel,RW
8478208,Hunter Warner,D
8476313,Steve Michalek,G
8474627,Jori Lehtera,C
8471761,Chris Butler,D
8466140,Olli Jokinen,C
8474125,Carl Gunnarsson,D
8476427,Ty Rattie,RW
8469473,Marcel Goc,C
8477467,Gustav Olofsson,D
8471840,Brett Sutter,LW
8478138,Guillaume Gelinas,D
8477923,Michael Keranen,LW
8476808,Brian Flynn,C
8470667,Clarke MacArthur,LW
8473507,Jeff Petry,D
8477202,Andrew Hammond,G
8468478,Mike Weaver,D
8477455,Jacob de la Rose,LW
8476379,Darren Dietz,D
8477901,Daniel Carr,LW
8478004,Brett Lernout,D
8477237,Mike Condon,G
8476948,Charles Hudon,LW
8476904,Chris Driedger,G
8475227,Chris Wideman,D
8476368,Fredrik Claesson,D
8477210,Buddy Robinson,RW
8471241,Mark Fistric,D
8462196,Stephane Robidas,D
8469490,Tim Jackman,RW
8476525,Colin Miller,D
8475762,Derek Forbort,D
8477149,Scott Sabourin,RW
8477378,Patrik Bartosak,G
8476409,Alan Quine,C
8477932,Aaron Ekblad,D
8475755,Alexander Petrovic,D
8473579,Nikolay Kulemin,LW
8475760,Nick Bjugstad,C
8476456,Jonathan Huberdeau,LW
8471362,Mikhail Grabovski,C
8477506,Ryan Pulock,D
8475769,Quinton Howden,C
8475179,Dmitry Kulikov,D
8476389,Vincent Trocheck,C
8475253,Garrett Wilson,LW
8468001,Derek MacKenzie,C
8476428,Rocco Grimaldi,C
8475735,Greg McKegg,C
8476917,Adam Pelech,D
8476875,Mike Matheson,D
8476444,Christopher Gibson,G
8475790,Erik Gudbranson,D
8475191,Reilly Smith,RW
8477493,Aleksander Barkov,C
8475246,Kevin Connauton,D
8467396,Erik Cole,LW
8467423,Shawn Horcoff,C
8476116,Ryan Garbutt,C
8475714,Calle Jarnkrok,C
8476925,Colton Sissons,C
8470105,Scottie Upshall,RW
8476887,Filip Forsberg,LW
8476447,Miikka Salomaki,RW
8476892,Colton Parayko,D
8476857,Pontus Aberg,LW
8477942,Kevin Fiala,LW
8475766,Austin Watson,LW
8476855,Nail Yakupov,RW
8476779,Brad Hunt,D
8478042,Viktor Arvidsson,LW
8475218,Mattias Ekholm,D
8476989,Petteri Lindbohm,D
8477482,Zach Sanford,LW
8475868,Anthony Bitetto,D
8477964,Ivan Barbashev,C
8475793,Ryan Johansen,C
8476441,Joel Edmundson,D
8478461,Luke Opilka,G
8476992,Marek Mazanec,G
8476877,Jordan Schmaltz,D
8477919,Frederick Gaudreau,C
8477982,Jack Dougherty,D
8475774,Petter Granberg,D
8477634,Trevor Murphy,D
8478851,Alexandre Carrier,D
8477973,Vladislav Kamenev,C
8471760,Cody Bass,C
8478550,Artemi Panarin,LW
8476979,Erik Gustafsson,D
8475209,Richard Panik,RW
8470039,Tomas Fleischmann,LW
8477952,Robby Fabbri,C
8471217,Andrew Ladd,LW
8473573,Artem Anisimov,C
8471185,Curtis Glencross,LW
8469476,Tim Gleason,D
8477939,William Nylander,C
8475716,Martin Marincin,D
8476941,Connor Carrick,D
8477953,Kasperi Kapanen,RW
8479318,Auston Matthews,C
8476410,Josh Leivo,LW
8473463,Leo Komarov,C
8478373,Nikita Soshnikov,RW
8475786,Zach Hyman,C
8476853,Morgan Rielly,D
8477015,Connor Brown,RW
8479458,Nikita Zaitsev,D
8476289,Alexey Marchenko,D
8475098,Tyler Bozak,C
8474581,Jake Gardiner,D
8475792,Brett Connolly,RW
8478483,Mitchell Marner,C
8475172,Nazem Kadri,C
8476905,Chandler Stephenson,C
8478906,Markus Nutivaara,D
8476326,Josh Archibald,RW
8476448,William Karlsson,C
8478506,Gabriel Carlsson,D
8477416,Oliver Bjorkstrand,RW
8476850,Ryan Murray,D
8473422,Nick Foligno,LW
8468493,Ron Hainsey,D
8474715,Cam Atkinson,RW
8477505,Alexander Wennberg,C
8476981,Josh Anderson,RW
8476861,Oscar Dansk,G
8474685,Matt Calvert,LW
8476310,Lukas Sedlak,C
8476432,Boone Jenner,C
8477244,Chad Ruhwedel,D
8477240,Carter Rowney,RW
8477404,Jake Guentzel,C
8474611,Cameron Gaunce,D
8475233,David Savard,D
8477495,Seth Jones,D
8471273,Brandon Dubinsky,C
8478460,Zach Werenski,D
8477947,Sonny Milano,LW
8476341,Anton Forsberg,G
8478541,Markus Hannikainen,LW
8478426,Paul Bittner,LW
8478567,Dean Kukan,D
8479411,Vitaly Abramov,RW
8477430,Nick Moutrey,C
8477638,Jordan Maletta,C
8476391,TJ Tynan,C
8475829,John Ramage,D
8479032,Justin Scott,C
8476852,Griffin Reinhart,D
8471251,Justin Peters,G
8476147,Kael Mouillierat,LW
8476429,Scott Mayfield,D
8478493,Joel Eriksson Ek,C
8479443,Sam Anas,C
8476372,Nick Seeler,D
8476219,Patrick Cannone,C
8477949,Alex Tuch,RW
8477006,Christoph Bertschy,C
8478501,Gustav Bouramman,D
8476330,Adam Wilcox,G
8478010,Brayden Point,C
8477454,Adam Erne,LW
8476285,Matthew Peca,C
8478866,Dominik Simon,C
8477520,Jean-Sebastien Dea,C
8475148,Tim Erixon,D
8478466,Daniel Sprong,RW
8476963,Sean Maguire,G
8476302,Frank Corrado,D
8471331,Kevin Porter,C
8474660,David Warsofsky,D
8471715,Ondrej Pavelec,G
8470828,Toby Enstrom,D
8470222,James Wisniewski,D
8473412,Bryan Little,C
8470740,Lee Stempniak,RW
8474074,Paul Postma,D
8470834,Dustin Byfuglien,D
8477429,Andrew Copp,C
8476460,Mark Scheifele,C
8469531,Jay Harrison,D
8471218,Blake Wheeler,RW
8476945,Connor Hellebuyck,G
8470289,Jim Slater,C
8474603,Eric O'Dell,C
8473482,Jiri Tlusty,LW
8478137,Jiri Sekac,LW
8474574,Tyler Myers,D
8471385,Adam Pardy,D
8476392,Adam Lowry,C
8469501,Chris Thorburn,RW
8470614,Mark Stuart,D
8471226,Drew Stafford,RW
8476885,Jacob Trouba,D
8475279,Ben Chiarot,D
8474061,Anthony Peluso,RW
8475958,Michael Sgarbossa,C
8477940,Nikolaj Ehlers,LW
8477034,Jaycob Megna,D
8475834,Marcus Sorensen,LW
8477931,Tomas Nosek,LW
8477983,Maxim Letunov,C
8475169,Evander Kane,LW
8480263,Dylan Ferguson,G
8477180,Aaron Dell,G
8477478,William Carrier,LW
8476624,Barclay Goodrow,RW
8478414,Timo Meier,RW
8478099,Kevin Labanc,RW
8477046,Joakim Ryan,D
8479580,Dylan Gambrell,C
8477846,Ryan Carpenter,C
8475750,Jon Merrill,D
8480373,Josef Korenar,G
8475841,Tim Heed,D
8477312,Antoine Bibeau,G
8476509,Maxime Lagace,G
8478434,Keegan Kolesar,RW
8476987,Jake Bischoff,D
8479980,Nicolas Hague,D
8476870,Stefan Matteau,C
8480018,Nick Suzuki,C
8479996,Cody Glass,C
8476407,Andy Welinski,D
8478873,Troy Terry,RW
8477969,Marcus Pettersson,D
8478491,Jacob Larsson,D
8476329,Travis Boyd,C
8478477,Mitchell Stephens,C
8480186,Alexander Volkov,RW
8480143,Jakub Jerabek,D
8478472,Mathieu Joseph,RW
8479482,Michal Kempny,D
8478519,Anthony Cirelli,C
8477944,Jakub Vrana,LW
8478049,Ben Thomas,D
8477831,Pheonix Copley,G
8477314,Brian Pinho,C
8479410,Mikhail Sergachev,D
8477474,Madison Bowey,D
8477043,Christian Djoos,D
8478971,Connor Ingram,G
8477409,Carter Verhaeghe,C
8478416,Erik Cernak,D
8477966,Dominik Masin,D
8477573,Nathan Walker,LW
8478063,Shane Gersich,LW
8479400,Pierre-Luc Dubois,C
8477978,Ryan Collins,D
8480162,Matiss Kivlenieks,G
8477424,Juuse Saros,G
8477387,Emil Pettersson,C
8478398,Kyle Connor,LW
8477504,Josh Morrissey,D
8479329,Frederic Allard,D
8477234,Troy Grosenick,G
8479293,Brandon Tanev,LW
8477715,Tyler Gaudet,C
8476469,Joel Armia,RW
8477359,Tucker Poolman,D
8479339,Patrik Laine,RW
8476476,Joe Morrow,D
8478458,Jack Roslovic,C
8480009,Eeli Tolvanen,RW
8477448,Marko Dano,C
8473574,Shawn Matthias,LW
8477380,Jonny Brodzinski,C
8480147,Oscar Fantenberg,D
8476983,Paul LaDue,D
8480113,Alex Iafallo,C
8470602,Dion Phaneuf,D
8477960,Adrian Kempe,LW
8476356,Tobias Rieder,RW
8478020,Michael Amadio,C
8479325,Charlie McAvoy,D
8478435,Dan Vladar,G
8476891,Matt Grzelcyk,D
8476374,Sean Kuraly,C
8477987,Ryan Donato,C
8478443,Brandon Carlo,D
8478046,Danton Heinen,C
8478569,Noel Acciari,C
8477956,David Pastrnak,RW
8478498,Jake DeBrusk,LW
8476191,Kevan Miller,D
8477213,Tim Schaller,C
8474062,Riley Nash,C
8475876,Zane McIntyre,G
8478512,Austin Czarnik,C
8475648,Chris Breen,D
8478485,Zach Senyshyn,RW
8477320,Anton Blidh,LW
8477529,Colby Cave,C
8478415,Jakub Zboril,D
8478417,Jakob Forsbacka Karlsson,C
8474019,Tommy Cross,D
8477948,Travis Sanheim,D
8478439,Travis Konecny,C
8479974,Nolan Patrick,C
8477591,Josh Jooris,RW
8475852,Petr Mrazek,G
8479944,Zach Aston-Reese,C
8478500,Ivan Provorov,D
8478067,Oskar Lindblom,LW
8476923,Damon Severson,D
8476207,Brian Gibbons,C
8477463,Steven Santini,D
8477509,Mirco Mueller,D
8479407,Jesper Bratt,LW
8477425,Miles Wood,LW
8478401,Pavel Zacha,C
8477355,Will Butcher,D
8476399,Blake Coleman,C
8480002,Nico Hischier,C
8475791,Taylor Hall,LW
8476370,Blake Pietila,LW
8480081,Michael Kapla,D
8479415,Michael McLeod,C
8479250,Nick Lappin,RW
8479291,Kevin Rooney,C
8479315,Joey Anderson,RW
8480073,Erik Brannstrom,D
8477464,Nic Petan,LW
8478031,Nelson Nogier,D
8478915,Sami Niku,D
8477076,JC Lipon,RW
8479378,Logan Stanley,D
8478487,Michael Spacek,RW
8475815,Julian Melchiori,D
8477962,Brendan Lemieux,LW
8477440,Jan Kostalek,D
8478891,Mason Appleton,C
8477480,Eric Comrie,G
8478029,Chase De Leo,C
8478424,Jansen Harkins,C
8476876,Malcolm Subban,G
8476617,Tomas Hyka,RW
8477341,Andreas Johnsson,LW
8478408,Travis Dermott,D
8470147,Curtis McElhinney,G
8480356,Kyle Keyser,G
8477021,Alexander Kerfoot,C
8478073,Anton Lindholm,D
8477507,Nikita Zadorov,D
8479370,Tyson Jost,C
8476952,Dominic Toninato,C
8477413,Sven Andrighetto,RW
8477456,J.T. Compher,LW
8479398,Samuel Girard,D
8478420,Mikko Rantanen,RW
8477484,Spencer Martin,G
8479454,Lukas Bengtsson,D
8476927,Teddy Blueger,C
8480341,Adam Johnson,C
8476974,Thomas Di Pauli,C
8476388,Andrey Pedan,D
8474589,Tyler Ennis,LW
8476465,Ryan Murphy,D
8477369,Carson Soucy,D
8478413,Jordan Greenway,LW
8478011,Louie Belpedio,D
8475220,Marcus Foligno,LW
8477050,Jamie Phillips,G
8480082,Justin Kloos,C
8476415,Kyle Rau,C
8479734,Brennan Menell,D
8474005,Alex Grant,D
8480020,Ivan Lodnia,RW
8475423,Darren Archibald,RW
8471390,Mike Santorelli,C
8470816,Jay Rosehill,LW
8459492,Vinny Prospal,LW
8471832,Nick Drazenovic,C
8474744,Sean Collins,C
8471348,Nikita Nikitin,D
8469492,Fedor Tyutin,D
8474121,Colton Gillies,C
8473610,Bobby Sanguinetti,D
8470302,Patrick Dwyer,RW
8475784,Jeff Skinner,LW
8474135,Brett Bellemore,D
8469462,Tuomo Ruutu,LW
8466215,Joe Corvo,D
8474137,Drayson Bowman,LW
8470137,Joni Pitkanen,D
8470283,Tim Brent,C
8469812,Chad LaRose,RW
8474192,Matt Frattin,RW
8475296,Mitch Callahan,RW
8476822,Luke Glendening,C
8470093,Mike McKenna,G
8474130,Corey Tropp,RW
8476430,Tomas Jurco,LW
8474774,Dalton Prout,D
8475637,Bobby Butler,RW
8467428,Krys Barch,RW
8460704,Johan Hedberg,G
8471280,Nick Johnson,RW
8469664,David Moss,RW
8475602,Casey Wellman,C
8475275,Patrick Wey,D
8473953,Derek Smith,D
8469500,Michael Cammalleri,C
8474038,Paul Byron,LW
8471222,Ladislav Smid,D
8471403,Karri Ramo,G
8474577,Joe Colborne,C
8470180,Eric Nystrom,LW
8476043,Ben Street,C
8470626,Loui Eriksson,LW
8469457,Stephen Weiss,C
8471284,Andrej Sekera,D
8471804,Nathan Gerbe,C
8462077,Jochen Hecht,C
8471388,Patrick Kaleta,RW
8473523,Jhonas Enroth,G
8475796,Mark Pysyk,D
8464994,Steve Begin,LW
8476834,Roman Cervenka,C
8476466,Sven Baertschi,LW
8462147,Miikka Kiprusoff,G
8467338,Alex Tanguay,LW
8477201,Kellan Lain,LW
8476390,Joseph Cramarossa,C
8475119,Zach Sill,C
8471219,Al Montoya,G
8474674,James Wright,C
8474012,John Albert,C
8471482,Grant Clitsome,D
8470309,Ryan Whitney,D
8467351,Scott Gomez,C
8474498,Jesse Winchester,C
8466339,Scott Clemmensen,G
8474201,Pierre-Cedric Labrie,LW
8471371,Mike Brown,RW
8470714,Corey Potter,D
8470685,Alexander Sulzer,D
8470018,Matt Ellis,LW
8476878,Zemgus Girgensons,C
8470063,Adam Burish,RW
8474059,Linus Omark,LW
8462044,Jean-Sebastien Giguere,G
8474705,Mark Olver,C
8470189,David Van Der Gulik,LW
8474030,Aaron Palushaj,RW
8469467,Chuck Kobasew,RW
8468636,Greg Zanon,D
8470672,Ryan O'Byrne,D
8470207,Joffrey Lupul,LW
8470867,Troy Bodie,RW
8473712,Frazer McLaren,LW
8468778,Colton Orr,RW
8469508,Jay McClement,C
8470085,Paul Ranger,D
8469752,Pascal Pelletier,LW
8476454,Ryan Nugent-Hopkins,C
8475165,Anton Lander,C
8459140,Nikolai Khabibulin,G
8471323,Ryan Jones,LW
8471402,Lennart Petrell,LW
8465050,Eric Belanger,C
8473525,Theo Peckham,D
8474586,Jordan Eberle,C
8468639,John-Michael Liles,D
8473942,Trevor Smith,C
8475154,Carter Ashton,RW
8476827,Chad Billins,D
8475733,Max Reinhart,C
8476423,Reid Boucher,C
8471681,Jack Skille,RW
8471748,Mark Fraser,D
8475808,Michael Chaput,C
8473503,James Reimer,G
8476819,Jeremy Welsh,C
8460492,Ed Jovanovski,D
8475213,Drew Shore,C
8474048,Keith Aulie,D
8474497,Michael Kostka,D
8471768,Tom Pyatt,LW
8469460,Mike Komisarek,D
8474113,TJ Brennan,D
8474593,Jacob Markstrom,G
8473867,Greg Rallo,C
8473526,Peter Mueller,C
8462225,Filip Kuba,D
8471700,Matt Pelech,RW
8476765,Mike Halmo,LW
8475681,Ben Scrivens,G
8474567,Zach Bogosian,D
8475215,Robin Lehner,G
8476452,Tyler Wotherspoon,D
8477847,Bryce Van Brabant,LW
8475844,Kenny Agostino,LW
8475196,Ben Hanowski,RW
8476440,Markus Granlund,C
8474606,Colby Robak,D
8466398,Tom Kostopoulos,RW
8474554,Eric Selleck,LW
8475361,Jonas Gustavsson,G
8472424,Ryan Hamilton,LW
8474707,Philip Larsen,D
8476179,Will Acton,C
8477289,Anton Belov,D
8476472,Oscar Klefbom,D
8473989,Luke Gazdic,LW
8474597,Cody Goloubef,D
8473647,Frédéric St-Denis,D
8476888,Mikhail Grigorenko,C
8468520,Kurtis Foster,D
8467353,Nik Antropov,C
8468172,Ruslan Fedotenko,LW
8475788,Alexander Burmistrov,C
8470774,Bruno Gervais,D
8476451,Lucas Lessio,LW
8476166,Taylor Fedun,D
8476062,Mark Arcobello,RW
8466309,Mike Mottau,D
8475266,Tomas Vincour,C
8470265,Anton Babchuk,D
8473414,Leland Irving,G
8474837,Mark Cundari,D
8471321,Brett Carson,D
8474844,Carter Bancks,LW
8474049,Akim Aliu,RW
8475264,Roman Horak,C
8465012,Tom Poti,D
8474609,Luke Adam,C
8473459,Arturs Kulda,D
8471451,Aaron Gagnon,C
8468704,Antti Miettinen,RW
8471216,Cam Barker,D
8471810,Derek Joslin,D
8471807,Tom Wandell,C
8475671,Matt Fraser,RW
8475198,Joonas Nattinen,C
8471678,Benoit Pouliot,LW
8468660,Darcy Hordichuk,LW
8474719,Teemu Hartikainen,C
8476849,Harri Pesonen,C
8469569,Drew MacIntyre,G
8471683,Brian Lee,D
8467910,Nolan Yonkman,D
8475728,Johan Larsson,C
8475753,Justin Faulk,D
8477496,Elias Lindholm,C
8474576,Zach Boychuk,LW
8473614,Richard Bachman,G
8470320,Cam Ward,G
8468481,Rick DiPietro,G
8475194,Philip Samuelsson,D
8475192,Taylor Beck,LW
8477814,Kevin Czuczman,D
8477832,Cody Kunyk,RW
8471474,Travis Morin,C
8475889,Patrick Holland,RW
8474616,Patrice Cormier,C
8474743,Zach Redmond,D
8475567,Julien Brouillette,D
8471220,Rostislav Olesz,LW
8476839,Viktor Fasth,G
8474052,Chris Terry,LW
8476437,Victor Rask,C
8475250,Andrej Nestrasil,C
8475759,Brandon Gormley,D
8476769,Bobby Farnham,RW
8474661,Michal Jordan,D
8477934,Leon Draisaitl,C
8475869,Brandon Davidson,D
8475752,Tyler Pitlick,C
8474793,Justin Hodgman,C
8475727,Ryan Spooner,C
8476363,Brian Ferlin,RW
8477510,Kerby Rychel,LW
8477902,Dennis Everberg,RW
8475310,Curtis McKenzie,LW
8474152,Scott Darling,G
8474748,Andrew MacWilliam,D
8470152,Joakim Lindstrom,C
8476336,Iiro Pakarinen,RW
8475800,Teemu Pulkkinen,LW
8476443,Xavier Ouellet,D
8477499,Rasmus Ristolainen,D
8476227,Joe Whitney,RW
8475299,Joni Ortio,G
8476214,Brandon DeFazio,LW
8477500,Bo Horvat,C
8475321,Phil Varone,C
8475309,Jerry D'Amigo,RW
8475159,Carl Klingberg,LW
8476279,Jyrki Jokipakka,D
8475732,Danny Biega,D
8475294,Rasmus Rissanen,D
8475414,Craig Cunningham,LW
8476495,Seth Griffith,C
8475917,Jason Akeson,RW
8475274,Seth Helgeson,D
8477070,Liam O'Brien,C
8474516,Bryan Lerg,C
8476478,Stuart Percy,D
8475842,Sam Carrick,C
8475996,Brendan Shinnimin,C
8475260,Corban Knight,C
8475826,Justin Shugg,RW
8477486,Emile Poirier,LW
8476397,Keegan Lowe,D
8477589,Ronalds Kenins,LW
8477407,Anthony Duclair,LW
8475902,Zach Trotman,D
8475896,Brendan Ranford,LW
8476426,David Musil,D
8475734,Curtis Hamilton,LW
8476316,Laurent Brossoit,G
8475203,Jesse Blacker,D
8467972,Rob Zepp,G
8475252,Matt Hackett,G
8477913,David Wolf,LW
8475157,Landon Ferraro,C
8477227,Eriah Hayes,RW
8473415,Alex Biega,D
8478393,Kyle Baun,RW
8478376,Casey Bailey,RW
8476868,Henrik Samuelsson,C
8470798,Dylan Reese,D
8476994,Vinnie Hinostroza,LW
8478055,Gustav Forsling,D
8477929,Dennis Rasmussen,C
8479648,Roman Lyubimov,LW
8477951,Nick Schmaltz,C
8477353,Tyler Motte,C
8476866,Nicolas Kerdiles,LW
8477933,Sam Reinhart,C
8479268,Casey Nelson,D
8476931,Jake McCabe,D
8479755,Victor Antipin,D
8478403,Jack Eichel,C
8478542,Evan Rodrigues,LW
8478561,Andreas Martinsen,LW
8477488,Brett Pesce,D
8478396,Noah Hanifin,D
8476858,Phillip Di Giuseppe,LW
8476958,Jaccob Slavin,D
8476967,Brett Kulak,D
8476971,Kevin Roy,LW
8476873,Mark Jankowski,C
8477903,Garnet Hathaway,RW
8477957,Nikita Scherbak,RW
8477446,Michael McCarron,RW
8477476,Artturi Lehkonen,LW
8478963,Ryan Johnston,D
8476352,Michael Mersch,LW
8475278,Byron Froese,C
8477937,Jake Virtanen,RW
8477018,Ben Hutton,D
8476867,Brendan Gaunce,C
8478444,Brock Boeser,RW
8479290,Kalle Kossila,C
8478842,Andrei Mironov,D
8478421,A.J. Greer,LW
8478928,Sergei Plotnikov,LW
8476915,Jujhar Khaira,LW
8477498,Darnell Nurse,D
8476902,Esa Lindell,D
8476966,Gemel Smith,C
8477461,Remi Elie,LW
8476913,Devin Shore,C
8477450,Jason Dickinson,C
8475343,Nic Dowd,C
8478463,Anthony Beauvillier,C
8477936,Michael Dal Colle,LW
8476921,Jordan Martinook,LW
8479206,Tanner Fritz,C
8479345,Jakob Chychrun,D
8478432,Christian Fischer,RW
8479343,Clayton Keller,C
8480222,Sebastian Aho,D
8477943,Brendan Perlini,LW
8477503,Max Domi,LW
8477527,Ross Johnston,LW
8477989,Christian Dvorak,C
8478445,Mathew Barzal,C
8478474,Lawson Crouse,LW
8477460,Laurent Dauphin,C
8478440,Dylan Strome,C
8479483,Yohann Auvitu,D
8478566,Sergey Kalinin,C
8478397,Rasmus Andersson,D
8477945,Julius Honka,D
8477938,Haydn Fleury,D
8477415,Anton Slepyshev,LW
8478427,Sebastian Aho,RW
8477458,Valentin Zykov,LW
8476988,Matt Benning,D
8479465,Drake Caggiula,LW
8479344,Jesse Puljujarvi,RW
8478451,Ethan Bear,D
8476934,Brock McGinn,LW
8476416,Dillon Simpson,D
8478402,Connor McDavid,C
8478585,Derek Ryan,C
8477010,Joseph Blandisi,LW
8479316,Luke Kunin,C
8476914,Joonas Korpisalo,G
8480158,Andreas Borgman,D
8475292,Tyler Randell,RW
8474018,Christopher DiDomenico,LW
8476288,Ryan Dzingel,LW
8479376,Victor Mete,D
8477810,Joel Hanley,D
8475736,Connor Brickley,C
8477916,Borna Rendulic,RW
8477453,Chris Bigras,D
8477958,Nikolay Goldobin,RW
8479442,Troy Stecher,D
8479292,Charlie Lindgren,G
8477642,Rinat Valiev,D
8478454,Noah Juulsen,D
8477003,Riley Barber,RW
8474149,Evgenii Dadonov,RW
8477955,Jared McCann,C
8477346,MacKenzie Weegar,D
8478843,Denis Malgin,C
8479553,Maxim Mamin,C
8478366,Frank Vatrano,C
8477452,Ian McCoshen,D
8477512,Frederik Gauthier,C
8478233,Andrew Mangiapane,LW
8476924,Martin Frk,RW
8478562,Jakub Nakladal,D
8477887,Patrick Brown,C
8476450,Ryan Sproul,D
8477946,Dylan Larkin,C
8475324,Nick Jensen,D
8476960,Andreas Athanasiou,LW
8477511,Anthony Mantha,RW
8478075,Anders Bjork,LW
8477959,Joshua Ho-Sang,RW
8476999,Linus Ullmark,G
8480072,Lias Andersson,C
8476303,Rob O'Gara,D
8477337,John Gilmour,D
8477402,Pavel Buchnevich,RW
8480145,Neal Pionk,D
8476918,Jimmy Vesey,LW
8480382,Alexandar Georgiev,G
8480078,Filip Chytil,C
8478449,Roope Hintz,LW
8477997,Nikita Tryamkin,D
8475210,Anton Rodin,RW
8476200,Paul Thompson,RW
8477851,Jordan Oesterle,D
8477471,Dillon Heatherington,D
8477426,Nick Paul,LW
8477433,Ben Harpur,D
8478469,Thomas Chabot,D
8476396,Steven Fogarty,C
8477816,Michael Zalewski,LW
8478564,Joonas Kemppainen,C
8480144,David Kampf,C
8479337,Alex DeBrincat,RW
8480153,Victor Ejdsell,C
8480172,Jan Rutta,D
8478407,Vince Dunn,D
8479588,Nolan Stevens,C
8477401,John Hayden,RW
8479420,Tage Thompson,C
8480761,Mitch Reinke,D
8478106,Dylan Sikura,RW
8479595,Blake Hillman,D
8477472,Carl Dahlstrom,D
8478146,Matthew Highmore,C
8478528,Tanner Kero,C
8476343,Garret Sparks,G
8477491,Nicholas Baptiste,RW
8480727,Zach Whitecloud,D
8478488,Filip Chlapik,C
8477479,Tyler Bertuzzi,LW
8475982,Erik Burgdoerfer,D
8478400,Colin White,C
8474588,Viktor Tikhonov,RW
8476894,Brendan Leipsic,LW
8478584,Vojtech Mozik,D
8475413,Justin Dowling,C
8478495,Denis Gurianov,RW
8476982,Danny O'Regan,C
8476910,Scott Kosmachuk,RW
8471714,Michael Sauer,D
8468224,Sean Avery,LW
8459462,Bryan McCabe,D
8470299,Erik Christensen,C
8460562,Chris Drury,C
8462047,Martin Biron,G
8468463,Mathieu Darche,LW
8470678,Alexandre Picard,D
8467439,Jaroslav Spacek,D
8466144,Paul Mara,D
8462176,Brent Sopel,D
8467913,Alex Auld,G
8471411,Chad Kolarik,C
8474670,Andre Petersson,RW
8460535,Jose Theodore,G
8466371,John Madden,C
8476268,Mattias Sjogren,C
8467430,Dany Sabourin,G
8476767,Sebastian Stalberg,RW
8471996,Bracken Kearns,C
8475365,Sena Acolatse,D
8476810,Travis Oleksuk,C
8475939,J.P. Anderson,G
8460541,Richard Park,RW
8471756,Oskars Bartulis,D
8459427,Rob Niedermayer,C
8467878,Tim Connolly,C
8471419,Mark Mancari,RW
8459579,Patrick Lalime,G
8459640,Mike Grier,RW
8469472,Shaone Morrisonn,D
8473497,Dennis Persson,D
8458525,Brian Rolston,RW
8470636,Josh Hennessy,C
8474607,Max Sauve,C
8475771,Mark Visentin,G
8474745,Paul Karpowich,G
8475257,Peter Andersson,D
8475978,Alexandre Mallet,LW
8471409,Andrew Gordon,RW
8475300,Joe Cannata,G
8469681,Ryan Hollweg,LW
8474875,Brent Raedeke,C
8471011,Garrett Stafford,D
8474488,Matt Climie,G
8471261,Dane Byers,LW
8473409,Logan Pyett,D
8475707,Ilari Filppula,C
8471221,Alexandre Picard,LW
8474378,Matt Beaudoin,C
8474620,Danny Kristo,RW
8477221,Tommy Hughes,D
8477214,Conor Allen,D
8470263,David Leneveu,G
8475845,Justin Florek,LW
8479432,Nick Ellis,G
8476949,Joey Laleggia,LW
8479368,Max Jones,LW
8479294,Kevin Boyle,G
8479351,Sam Steel,C
8475833,Bill Arnold,C
8476890,Patrick Sieloff,D
8476505,Turner Elson,C
8476950,Ryan Culkin,D
8476970,Andrew O'Brien,D
8477863,Ryan Faragher,G
8477489,Keegan Kanzig,D
8478559,Matthew O'Connor,G
8477971,Andreas Englund,D
8476323,Max McCormick,LW
8477920,Johan Alm,D
8473921,Joe Piskula,D
8475723,Petr Straka,RW
8477190,Brandon Alderson,RW
8471186,Yann Danis,G
8476763,Calvin Heeter,G
8471301,Jeff Glass,G
8476896,Jake Paterson,G
8476412,Jordan Binnington,G
8476922,Boo Nieves,C
8475789,Jack Campbell,G
8460577,Milan Hejduk,RW
8471705,Brendan Mikkelson,D
8475304,Scott Timmins,C
8477811,Ryan Haggerty,RW
8476319,Nathan Lieuwen,G
8473734,Tim Wallace,RW
8470777,Francis Wathier,LW
8475332,Adam Almquist,D
8477245,Eric Hartzell,G
8470896,Steve MacIntyre,LW
8464999,Mathieu Garon,G
8477666,Simon Moser,C
8477836,Matt Carey,LW
8473416,Michael Caruso,D
8468745,Jean-Philippe Cote,D
8470268,Denis Grebeshkov,D
8475395,Matthew Konan,D
8469798,Maxime Fortunus,D
8475680,Jussi Rynnas,G
8475190,Jamie Devane,LW
8459306,Robbie Tallas,G
8473505,Peter LeBlanc,C
8473616,Jonathan Rheault,RW
8468382,Rob Laurie,G
8472365,Bobby Robins,RW
8471708,Ryan Stoa,C
8471912,Kevin Henderson,LW
8462152,Chris Mason,G
8476835,Daniel Bang,LW
8475893,Joonas Rask,C
8473638,Cedrick Desjardins,G
8476846,Cristopher Nilstorp,G
8475241,Sergey Andronov,RW
8477082,Dmitry Korobov,D
8476522,Adam Payerl,C
8471312,JT Wyman,RW
8477228,Matt Lindblad,C
8470704,Jamie Tardif,RW
8474035,Bill Sweatt,LW
8476549,Daniil Tarasov,RW
8470065,Ryan Craig,C
8476435,Alex Khokhlachev,C
8475980,Brody Sutter,C
8477249,Andrew Miller,C
8477473,Justin Bailey,RW
8480015,Owen Tippett,RW
8478999,Niklas Treutle,G
8479511,Janne Kuokkanen,C
8480039,Martin Necas,C
8477445,Hunter Shinkaruk,C
8477427,Tobias Lindberg,RW
8474131,Mario Kempe,RW
8480157,Calle Rosen,D
8475809,Scott Wedgewood,G
8475836,Alex Friesen,C
8479968,Vinni Lettieri,C
8477541,Dakota Mermis,D
8476766,Cole Schneider,LW
8476401,Daniel Catenacci,C
8479066,Ryan Lomberg,LW
8477033,Viktor Loov,D
8479496,David Rittich,G
8476425,Joseph LaBate,C
8478211,Dryden Hunt,LW
8477998,Warren Foegele,LW
8478846,Christian Wolanin,D
8477981,Roland McKeown,D
8475328,Ben Sexton,C
8479193,Casey DeSmith,G
8474698,Brent Regner,D
8477914,Roman Will,G
8475263,Wade Megan,C
8478104,Sammy Blais,LW
8476414,Alexandre Grenier,RW
8477961,John Quenneville,C
8480087,Mike Vecchione,C
8478431,Evgeny Svechnikov,RW
8478027,Lucas Wallmark,C
8477466,Nick Sorensen,RW
8480762,Eric Robinson,LW
8477392,Hudson Fasching,RW
8479304,Kyle Criscuolo,C
8479969,Griffen Molino,C
8475597,Shane Harper,RW
8477583,Curtis Valk,C
8476322,Chase Balisy,C
8476020,Andrew Crescenzi,C
8477417,Peter Cehlarik,LW
8478476,Kyle Capobianco,D
8475782,Morgan Ellis,D
8473440,Will O'Neill,D
8479115,Jorge Alves,G
8479312,Alex Lyon,G
8478447,Nicholas Merkley,RW
8478268,Jack Rodewald,RW
8477199,Zach Sikich,G
8477246,Antoine Laganiere,LW
8471853,Nicolas Blanchard,LW
8474615,Jared Staal,RW
8476805,Spencer Abbott,LW
8474236,Brett Gallant,LW
8471433,Daniel Taylor,G
8476304,David Broll,LW
8474601,Yann Sauve,D
8476411,Jonathan Racine,D
8474254,John Kurtz,LW
8475303,Connor Knapp,G
8476086,Justin Johnson,RW
8474754,Joacim Eriksson,G
8474939,Mark Van Guilder,C
8467543,Toby Petersen,C
8470366,Martin St Pierre,C
8476339,Dominik Uher,C
8476944,Brendan Woods,LW
8475821,Sam Brittain,G
8475712,Taylor Aronson,D
8475781,Tyler Bunz,G
8477127,Raman Hrabarenka,D
8477092,Andrey Makarov,G
8477410,Bogdan Yakimov,C
8477084,Mackenzie Skapski,G
8476526,Ben Thomson,LW
8478371,Matt Lorito,LW
8476418,Robbie Russo,D
8477399,Tyrell Goulbourne,LW
8479404,Henrik Borgstrom,C
8479249,Andrew Poturalski,C
8478870,Rudolfs Balcers,LW
8475436,Mike Liambas,LW
8480771,Daniel Brickley,D
8480776,Sheldon Rempal,RW
8480163,Philip Holm,D
8477994,Dominic Turgeon,C
8477041,Brady Austin,D
8478874,Adam Gaudette,C
8477085,Ashton Sautner,D
8479977,Kailer Yamamoto,RW
8479366,Logan Brown,C
8480083,C.J. Smith,LW
8479423,Alexander Nylander,RW
8477428,Justin Auger,RW
8478425,Brendan Guhle,D
8476309,Jason Kasdorf,G
8475756,John McFarland,LW
8478176,Joe Hicketts,D
8480164,Henrik Haapala,LW
8477566,Sergey Tolchinsky,LW
8478868,Christian Jaros,D
8480029,Alex Formenton,LW
8476953,Trevor Carrick,D
8478480,Blake Speers,C
8477990,Brandon Halverson,G
8473431,Bud Holloway,C
8477390,Ben Betker,D
8478499,Adin Hill,G
8480420,Collin Delia,G
8479138,Scott Foster,G
8476006,Brenden Kichton,D
8477881,Connor Jones,C
8479650,Vadim Shipachyov,C
8480330,Spencer Foo,RW
8478462,Nicolas Roy,C
8475611,Zane Kalemba,G
8477967,Thatcher Demko,G
8477391,Sean Malone,C
8477441,Jordan Subban,D
8478965,Ken Appleby,G
8479999,Casey Mittelstadt,C
8475291,Garrett Mitchell,RW
8477449,Morgan Klimchuk,LW
8478013,Jake Walman,D
8478365,Danick Martel,LW
8479613,Giovanni Fiore,LW
8480718,Ben Wexler,G
8479252,Dan Renouf,D
8477028,Nick Ebert,D
8475718,Justin Holl,D
8480524,Tyler Stewart,G
8477968,Alex Nedeljkovic,G
8477483,Yan Pavel Laplante,C
8478430,Oliver Kylington,D
8478565,Matthias Plachta,LW
8478024,Ville Husso,G
8476511,Samuel Henley,C
8478839,Aleksi Saarela,C
8477091,Evan McEneny,D
8476986,Marek Langhamer,G
8470705,Corey Locke,C
8471634,Ryan Shannon,RW
8469461,Pascal Leclaire,G
8466212,Francis Lessard,RW
8471368,Roman Wick,RW
8469670,Marek Svatos,RW
8468789,Jason Williams,C
8467519,Karlis Skrastins,D
8468506,Brian Sutherby,C
8469584,Joel Perrault,C
8460533,Dave Scatchard,C
8474762,Stefan Della Rovere,LW
8471692,Ryan Parent,D
8462118,Marc Savard,C
8467915,Mike Commodore,D
8467927,Andrew Hutchinson,D
8460502,Wade Belak,RW
8467579,Trevor Gillies,LW
8469684,Milan Jurcina,D
8473501,Ty Wishart,D
8474731,Justin DiBenedetto,C
8474063,Mark Katic,D
8468500,Alex Frolov,LW
8471753,T.J. Hensick,C
8466181,Kristian Huselius,LW
8460567,Chris Clark,RW
8470737,Brett Sterling,LW
8474220,Jerome Samson,RW
8473999,Nick Palmieri,RW
8466216,Adam Mair,C
8466035,Sergei Samsonov,LW
8472355,Rod Pelley,C
8474557,Anssi Salmela,D
8460580,Brad Lukowich,D
8470661,Jean-Francois Jacques,LW
8470687,Zack Stortini,RW
8460555,Jason Strudwick,D
8471689,Ryan O'Marra,C
8470986,Darryl Boyce,C
8471187,Brett Lebda,D
8469464,Fredrik Sjostrom,LW
8467943,Niklas Hagman,LW
8467466,Trent Hunter,RW
8474139,Maxime Macenauer,C
8460504,Ethan Moreau,LW
8474566,Nikita Filatov,LW
8470649,Patrick O'Sullivan,C
8471697,Niclas Bergfors,RW
8460556,Freddy Modin,LW
8469647,Derek Boogaard,LW
8469505,Noah Welch,D
8466392,Todd White,C
8470578,Freddy Meyer,D
8458568,Chris Osgood,G
8471324,Liam Reddox,LW
8468166,Curtis Sanford,G
8468887,Warren Peters,C
8473605,Alexander Vasyunov,LW
8471508,Olivier Magnan,D
8476764,Jack Maclellan,LW
8458541,Steve Staios,D
8465026,Mark Parrish,RW
8470680,Ryan Potulny,C
8471978,Brett Festerling,D
8471694,Kenndal McArdle,LW
8472379,Tim Stapleton,C
8473493,Ben Maxwell,C
8470780,Mark Flood,D
8474128,Milan Kytnar,C
8474575,Colten Teubert,D
8456283,Adam Foote,D
8470623,Shawn Belle,D
8474730,Jonas Holos,D
8470697,Philippe Dupuis,C
8468626,David Koci,LW
8474587,Greg Nemisz,RW
8467502,Ales Kotalik,RW
8470580,Jed Ortmeyer,RW
8470988,Bryan Rodney,D
8474042,Cody Almond,C
8459004,Craig Rivet,D
8471413,Mike Vernace,D
8474085,Johan Harju,LW
8474592,Philip McRae,C
8469152,Ty Conklin,G
8468881,Jason Jaffray,LW
8470136,Nathan Oystrick,D
8471310,Dustin Boyd,C
8472262,Clay Wilson,D
8471399,Robbie Earl,LW
8471238,Rob Schremp,C
8470651,Jeremy Colliton,C
8475156,Mikko Koskinen,G
8468646,Nolan Schaefer,G
8470072,Petr Prucha,RW
8470708,Guillaume Desbiens,RW
8462093,Peter Schaefer,LW
8473444,Jon Matsumoto,C
8471868,Ryan Russell,LW
8475104,Evan Oberg,D
8474057,Allen York,G
8467453,Andrew Raycroft,G
8476225,Mike Connolly,LW
8470741,Nigel Dawes,LW
8455919,Craig Conroy,C
8474153,Michal Repik,RW
8472361,Bill Thomas,RW
8474146,Spencer Machacek,RW
8470086,Joe Callahan,D
8474222,Maxim Noreau,D
8473997,Luca Caputi,LW
8474029,Cade Fairchild,D
8473511,David McIntyre,C
8471696,Matt Lashoff,D
8471941,Mike Duco,RW
8475372,Andreas Engqvist,C
8465024,Jon Sim,LW
8470113,John Zeiler,RW
8470656,David Liffiton,D
8471395,Trevor Ludwig,D
8468502,David Hale,D
8471628,Rick Rypien,C
8469564,Richard Petiot,D
8469675,Martin Gerber,G
8458361,Doug Weight,C
8458943,Cory Stillman,LW
8470005,Mark Cullen,C
8474383,Joel Rechlicz,RW
8470787,Drew Bagnall,D
8470800,Mike Brodeur,G
8460612,Marty Turco,G
8467959,Sebastien Caron,G
8458520,Peter Forsberg,C
8470605,Hugh Jessiman,RW
8475097,Brad Thiessen,G
8468599,Brian Fahey,D
8471730,Evan Brophey,C
8475087,Christian Hanson,C
8468432,Steve Reinprecht,C
8475679,Jarod Palmer,C
8469672,Aaron Voros,LW
8469582,Colin Stuart,LW
8468086,Alexandre Giroux,LW
8467937,Michael Zigomanis,C
8470301,Andre Deveaux,C
8470321,Patrick Rissmiller,LW
8475102,Travis Turnbull,C
8473456,Rhett Rakhshani,RW
8470203,Greg Mauldin,LW
8476791,Scott Arnold,RW
8471846,Kris Fredheim,D
8476224,Chay Genoway,D
8474195,Maksim Mayorov,LW
8474771,Peter Mannino,G
8473898,Paul Szczechura,C
8474046,Alex Plante,D
8474693,Tomas Kubalik,RW
8471863,Mario Bliznak,C
8475677,Linus Klasen,LW
8468499,Krys Kolanos,C
8470648,Stefan Meyer,LW
8469120,Raitis Ivanans,LW
8475934,Dennis Endras,G
8474500,Derek Whitmore,LW
8470838,Andrew Joudrey,C
8475950,Marcel Mueller,C
8473916,Steve Wagner,D
8475641,Brendon Nash,D
8471223,Boris Valabik,D
8469516,Brendan Bell,D
8467906,Jonas Andersson,RW
8474647,Ian Schultz,RW
8471848,Andrey Zubarev,D
8469716,Severin Blindenbacher,D
8467335,Mark Bell,C
8471728,Brodie Dupont,LW
8476803,Shawn Hunwick,G
8471822,Brian Foster,G
8476208,Matt Campanale,D
8471764,Patrick Davis,RW
8471429,Tyler Eckford,D
8476243,Iiro Tarkki,G
8470809,Jeremy Williams,RW
8473532,Mark Dekanich,G
8473539,Carl Sneep,D
8474585,Tyler Cuma,D
8471786,Ray Macias,D
8474154,Andreas Thuresson,RW
8475990,Jamie Doornbosch,D
8471265,Raymond Sawada,RW
8474691,Philippe Cornet,LW
8471845,Jean-Philippe Levasseur,G
8475173,Scott Glennie,RW
8474194,Timo Pielmeier,G
8469479,Jason Bacashihua,G
8476674,Paul Deutsch,G
8465113,Brian Willsie,RW
8473451,Kevin Montgomery,D
8474143,Ryan Thang,LW
8468584,Jon Disalvatore,RW
8475255,Scott Stajcer,G
8474729,Mike Murphy,G
8474737,Patrick Killeen,G
8468113,Jeff Finger,D
8473611,Shane Sims,D
8475219,Kristopher Foucault,LW
